 city_id,  city_name,  country_code,  lat,  lon,  cloudness,  wind_speed,  Max_temperature,  humidity,  date   
 2121385,  Severo-Kurilsk,  RU,                  50.68,  156.12,                    0,  4.36,  23.35,                100,  1545515446   
 3934707,  Mollendo,  PE,                  -17.03,  -72.02,                    8,  3.91,  75.86,                52,  1545515448   
 2163355,  Hobart,  AU,                  -42.88,  147.33,                    75,  12.75,  62.6,                51,  1545514200   
 2074865,  Carnarvon,  AU,                  -24.87,  113.63,                    80,  6.93,  73.4,                94,  1545512400   
 2409914,  Bonthe,  SL,                  7.53,  -12.5,                    8,  5.93,  86.17,                58,  1545515454   
 1006984,  East  London,  ZA,                  -33.02,  27.91,                    80,  20.8,  74.6,                99,  1545515456   
 933995,  Souillac,  MU,                  -20.52,  57.52,                    75,  17.22,  78.8,                83,  1545512400   
 934322,  Mahebourg,  MU,                  -20.41,  57.7,                    75,  17.22,  78.8,                83,  1545512400   
 3572627,  Cockburn  Town,  BS,                  24.03,  -74.52,                    0,  13.42,  75.86,                100,  1545515463   
 4030556,  Rikitea,  PF,                  -23.12,  -134.97,                    12,  17.67,  78.34,                100,  1545515465   
 1566319,  Thai  Nguyen,  VN,                  21.59,  105.84,                    75,  4.7,  71.6,                100,  1545514200   
 964420,  Port  Elizabeth,  ZA,                  -33.92,  25.57,                    80,  4.25,  71.27,                94,  1545515471   
 933995,  Souillac,  MU,                  -20.52,  57.52,                    75,  17.22,  78.8,                83,  1545512400   
 3372707,  Ribeira  Grande,  PT,                  38.52,  -28.7,                    90,  5.82,  57.2,                82,  1545512400   
 1337619,  Ugoofaaru,  MV,                  5.67,  73,                    36,  6.71,  82.34,                100,  1545515478   
 4030556,  Rikitea,  PF,                  -23.12,  -134.97,                    12,  17.67,  78.34,                100,  1545515465   
 3598787,  Champerico,  GT,                  14.3,  -91.92,                    20,  6.93,  89.6,                49,  1545512400   
 4030556,  Rikitea,  PF,                  -23.12,  -134.97,                    12,  17.67,  78.34,                100,  1545515465   
 3863379,  Mar  del  Plata,  AR,                  -46.43,  -67.52,                    12,  20.02,  79.42,                28,  1545515492   
 4020109,  Atuona,  PF,                  -9.8,  -139.03,                    48,  14.32,  78.2,                100,  1545515494   
 2208248,  Kaitangata,  NZ,                  -46.28,  169.85,                    0,  4.59,  53.77,                81,  1545515496   
 2163355,  Hobart,  AU,                  -42.88,  147.33,                    75,  12.75,  62.6,                51,  1545514200   
 2017215,  Sangar,  RU,                  63.92,  127.47,                    56,  3.36,  -18.06,                77,  1545515501   
 986717,  Kruisfontein,  ZA,                  -34,  24.73,                    64,  7.38,  66.28,                94,  1545515503   
 1726449,  Basco,  PH,                  20.45,  121.97,                    48,  19.46,  79.33,                99,  1545515505   
 3883457,  Lebu,  CL,                  -37.62,  -73.65,                    0,  19.24,  58.18,                95,  1545515507   
 5888001,  Atikokan,  CA,                  48.76,  -91.62,                    92,  5.14,  19.25,                78,  1545515509   
 4030556,  Rikitea,  PF,                  -23.12,  -134.97,                    12,  17.67,  78.34,                100,  1545515465   
 4030556,  Rikitea,  PF,                  -23.12,  -134.97,                    12,  17.67,  78.34,                100,  1545515465   
 6255012,  Flinders,  AU,                  -34.58,  150.85,                    75,  9.17,  57.2,                93,  1545512400   
 4267710,  Sitka,  US,                  37.17,  -99.65,                    0,  6.93,  53.81,                35,  1545515517   
 4020109,  Atuona,  PF,                  -9.8,  -139.03,                    48,  14.32,  78.2,                100,  1545515494   
 1015776,  Bredasdorp,  ZA,                  -34.53,  20.04,                    0,  1.12,  71.6,                83,  1545512400   
 4030556,  Rikitea,  PF,                  -23.12,  -134.97,                    12,  17.67,  78.34,                100,  1545515465   
 3443061,  Chuy,  UY,                  -33.69,  -53.46,                    88,  10.74,  68.8,                97,  1545515528   
 3833367,  Ushuaia,  AR,                  -54.81,  -68.31,                    40,  35.57,  50,                76,  1545512400   
 1623502,  Sabang,  ID,                  1.17,  120.82,                    32,  11.41,  83.06,                99,  1545515532   
 5654391,  Glendive,  US,                  47.11,  -104.71,                    40,  24.16,  33.08,                74,  1545514500   
 1528998,  Yumen,  CN,                  40.29,  97.04,                    0,  2.91,  -13.78,                71,  1545515536   
 4030556,  Rikitea,  PF,                  -23.12,  -134.97,                    12,  17.67,  78.34,                100,  1545515465   
 2172797,  Cairns,  AU,                  -16.92,  145.77,                    32,  10.29,  84.2,                74,  1545514200   
 2618795,  Klaksvik,  FO,                  62.23,  -6.59,                    24,  6.93,  41,                86,  1545513600   
 3421319,  Nuuk,  GL,                  64.17,  -51.74,                    88,  42.5,  33.8,                100,  1545511800   
 3443061,  Chuy,  UY,                  -33.69,  -53.46,                    88,  10.74,  68.8,                97,  1545515528   
 3896218,  Castro,  CL,                  -42.48,  -73.76,                    90,  5.82,  57.2,                76,  1545512400   
 3883457,  Lebu,  CL,                  -37.62,  -73.65,                    0,  19.24,  58.18,                95,  1545515507   
 3831208,  Qaanaaq,  GL,                  77.48,  -69.36,                    0,  4.59,  -17.52,                74,  1545515555   
 4020109,  Atuona,  PF,                  -9.8,  -139.03,                    48,  14.32,  78.2,                100,  1545515494   
 5972291,  Havre-Saint-Pierre,  CA,                  50.23,  -63.6,                    90,  13.87,  42.8,                100,  1545514920   
 2077963,  Albany,  AU,                  -35.02,  117.88,                    40,  4.92,  60.8,                93,  1545514200   
 1006984,  East  London,  ZA,                  -33.02,  27.91,                    80,  20.8,  74.6,                99,  1545515456   
 2425791,  Sarh,  TD,                  9.14,  18.39,                    0,  8.72,  71.6,                49,  1545512400   
 3451138,  Rio  Grande,  BR,                  -32.03,  -52.1,                    40,  9.17,  84.2,                58,  1545511500   
 2121385,  Severo-Kurilsk,  RU,                  50.68,  156.12,                    0,  4.36,  23.35,                100,  1545515446   
 3375941,  Skeldon,  GY,                  5.88,  -57.13,                    88,  13.76,  79.64,                93,  1545515576   
 3369157,  Cape  Town,  ZA,                  -33.93,  18.42,                    75,  16.11,  69.8,                88,  1545512400   
 1067565,  Beloha,  MG,                  -25.17,  45.06,                    0,  7.38,  67.9,                74,  1545515580   
 3833367,  Ushuaia,  AR,                  -54.81,  -68.31,                    40,  35.57,  50,                76,  1545512400   
 286621,  Salalah,  OM,                  17.01,  54.1,                    0,  8.05,  71.6,                40,  1545511800   
 3833367,  Ushuaia,  AR,                  -54.81,  -68.31,                    40,  35.57,  50,                76,  1545512400   
 2163355,  Hobart,  AU,                  -42.88,  147.33,                    75,  12.75,  62.6,                51,  1545514200   
 2212771,  Sabratah,  LY,                  32.79,  12.49,                    0,  7.72,  61.82,                100,  1545515594   
 3366880,  Hermanus,  ZA,                  -34.42,  19.24,                    8,  2.91,  61.01,                93,  1545515597   
 583345,  Aleksandrov  Gay,  RU,                  50.14,  48.57,                    88,  9.84,  11.96,                89,  1545515599   
 2121385,  Severo-Kurilsk,  RU,                  50.68,  156.12,                    0,  4.36,  23.35,                100,  1545515446   
 612652,  Ochamchira,  GE,                  42.71,  41.47,                    80,  1.23,  47.83,                100,  1545515603   
 2126199,  Cherskiy,  RU,                  68.75,  161.3,                    68,  3.91,  -27.28,                43,  1545515605   
 3874787,  Punta  Arenas,  CL,                  -53.16,  -70.91,                    0,  33.33,  55.4,                47,  1545512400   
 4174715,  Tallahassee,  US,                  30.44,  -84.28,                    1,  3.36,  59,                44,  1545514500   
 1526038,  Atbasar,  KZ,                  51.81,  68.36,                    76,  7.72,  -5.23,                82,  1545515613   
 241131,  Victoria,  SC,                  -4.62,  55.45,                    92,  5.82,  80.6,                78,  1545512400   
 2126123,  Chokurdakh,  RU,                  70.62,  147.9,                    32,  3.02,  -36.51,                72,  1545515618   
 1261068,  Ojhar,  IN,                  20.09,  73.93,                    0,  2.46,  54.35,                85,  1545515622   
 2074865,  Carnarvon,  AU,                  -24.87,  113.63,                    80,  6.93,  73.4,                94,  1545512400   
 3874787,  Punta  Arenas,  CL,                  -53.16,  -70.91,                    0,  33.33,  55.4,                47,  1545512400   
 2022572,  Khatanga,  RU,                  71.98,  102.47,                    48,  17.22,  -18.51,                81,  1545515628   
 3833367,  Ushuaia,  AR,                  -54.81,  -68.31,                    40,  35.57,  50,                76,  1545512400   
 2729907,  Longyearbyen,  SJ,                  78.22,  15.64,                    90,  19.46,  24.8,                85,  1545511800   
 1282256,  Hithadhoo,  MV,                  -0.6,  73.08,                    0,  8.72,  82.34,                100,  1545515634   
 478757,  Uren,  RU,                  57.46,  45.79,                    80,  5.93,  8.99,                86,  1545515636   
 1262260,  Nagapattinam,  IN,                  10.76,  79.84,                    88,  9.95,  76.9,                92,  1545515639   
 667553,  Scurtu  Mare,  RO,                  44.34,  25.27,                    92,  13.87,  37.4,                93,  1545512400   
 2411397,  Georgetown,  SH,                  -7.93,  -14.42,                    24,  16.89,  77.39,                100,  1545515643   
 1621313,  Ambulu,  ID,                  -8.35,  113.61,                    92,  3.47,  76.31,                100,  1545515647   
 1562414,  Vung  Tau,  VN,                  10.35,  107.08,                    20,  5.37,  79.69,                100,  1545515651   
 6078372,  Moose  Factory,  CA,                  51.26,  -80.61,                    90,  14.99,  12.2,                85,  1545512400   
 2155415,  New  Norfolk,  AU,                  -42.78,  147.06,                    75,  12.75,  62.6,                51,  1545514200   
 780687,  Berlevag,  NO,                  70.86,  29.09,                    48,  7.05,  5.75,                100,  1545515658   
 1798821,  Pingdu,  CN,                  36.79,  119.95,                    0,  2.24,  30.2,                92,  1545512400   
 1079048,  Ambovombe,  MG,                  -25.18,  46.09,                    8,  7.94,  70.19,                90,  1545515662   
 1015776,  Bredasdorp,  ZA,                  -34.53,  20.04,                    0,  1.12,  71.6,                83,  1545512400   
 4030556,  Rikitea,  PF,                  -23.12,  -134.97,                    12,  17.67,  78.34,                100,  1545515465   
 2156643,  Mount  Gambier,  AU,                  -37.83,  140.78,                    0,  4.7,  53.6,                93,  1545512400   
 1269392,  Jalor,  IN,                  25.35,  72.62,                    0,  3.13,  50.75,                72,  1545515672   
 4944903,  Nantucket,  US,                  41.28,  -70.1,                    1,  25.28,  44.06,                67,  1545512160   
 1626703,  Soe,  ID,                  -9.86,  124.28,                    88,  1.23,  69.25,                98,  1545515676   
 231550,  Kiboga,  UG,                  0.92,  31.77,                    56,  3.58,  69.97,                67,  1545515679   
 4030556,  Rikitea,  PF,                  -23.12,  -134.97,                    12,  17.67,  78.34,                100,  1545515465   
 3424607,  Tasiilaq,  GL,                  65.61,  -37.64,                    32,  2.24,  24.8,                85,  1545511800   
 3443061,  Chuy,  UY,                  -33.69,  -53.46,                    88,  10.74,  68.8,                97,  1545515528   
 6943820,  Murdochville,  CA,                  48.96,  -65.49,                    0,  14.2,  49.72,                84,  1545515687   
 4030556,  Rikitea,  PF,                  -23.12,  -134.97,                    12,  17.67,  78.34,                100,  1545515465   
 3874787,  Punta  Arenas,  CL,                  -53.16,  -70.91,                    0,  33.33,  55.4,                47,  1545512400   
 3652764,  Puerto  Ayora,  EC,                  -0.74,  -90.35,                    75,  16.11,  80.6,                74,  1545512400   
 3874787,  Punta  Arenas,  CL,                  -53.16,  -70.91,                    0,  33.33,  55.4,                47,  1545512400   
 934322,  Mahebourg,  MU,                  -20.41,  57.7,                    75,  17.22,  78.8,                83,  1545512400   
 2636790,  Stornoway,  GB,                  58.21,  -6.39,                    20,  6.93,  35.6,                93,  1545513600   
 1267390,  Kavaratti,  IN,                  10.57,  72.64,                    0,  5.14,  82.75,                100,  1545515706   
 3421719,  Narsaq,  GL,                  60.91,  -46.05,                    88,  2.57,  17.59,                78,  1545515708   
 4732862,  Nome,  US,                  30.04,  -94.42,                    1,  18.34,  76.1,                54,  1545514500   
 2110227,  Butaritari,  KI,                  3.07,  172.79,                    68,  4.7,  81.71,                100,  1545515712   
 3833367,  Ushuaia,  AR,                  -54.81,  -68.31,                    40,  35.57,  50,                76,  1545512400   
 6170031,  Tuktoyaktuk,  CA,                  69.44,  -133.03,                    90,  3.36,  1.4,                84,  1545512400   
 5959271,  Gambo,  CA,                  48.78,  -54.21,                    90,  20.8,  37.4,                64,  1545512400   
 3370903,  Jamestown,  SH,                  -15.94,  -5.72,                    92,  13.65,  71.09,                100,  1545515723   
 3418910,  Upernavik,  GL,                  72.79,  -56.15,                    32,  10.4,  -2.44,                100,  1545515725   
 5855927,  Hilo,  US,                  19.71,  -155.08,                    90,  8.05,  75.02,                78,  1545511980   
 3372472,  Vila  Franca  do  Campo,  PT,                  37.72,  -25.43,                    75,  13.87,  62.6,                100,  1545512400   
 4034551,  Faanui,  PF,                  -16.48,  -151.75,                    44,  19.01,  84.28,                98,  1545515731   
 4407665,  Kodiak,  US,                  39.95,  -94.76,                    75,  11.41,  46.04,                45,  1545513300   
 3370903,  Jamestown,  SH,                  -15.94,  -5.72,                    92,  13.65,  71.09,                100,  1545515723   
 4030556,  Rikitea,  PF,                  -23.12,  -134.97,                    12,  17.67,  78.34,                100,  1545515465   
 4011743,  Constitucion,  MX,                  23.99,  -104.67,                    5,  3.36,  71.6,                9,  1545511320   
 2075265,  Busselton,  AU,                  -33.64,  115.35,                    0,  15.66,  64.25,                100,  1545515729   
 2028164,  Deputatskiy,  RU,                  69.3,  139.9,                    20,  2.91,  -41.14,                0,  1545515748   
 2986626,  Plouzane,  FR,                  48.38,  -4.62,                    90,  11.41,  53.6,                93,  1545514200   
 2138555,  Poum,  NC,                  -20.23,  164.02,                    20,  2.8,  79.69,                100,  1545515752   
 3441894,  Maldonado,  UY,                  -34.91,  -54.96,                    20,  11.41,  68,                77,  1545514680   
 3369157,  Cape  Town,  ZA,                  -33.93,  18.42,                    75,  16.11,  69.8,                88,  1545512400   
 2206939,  Bluff,  NZ,                  -46.6,  168.33,                    0,  9.06,  54.13,                100,  1545515760   
 3689325,  Mutis,  CO,                  6.23,  -77.4,                    92,  7.49,  77.62,                100,  1545515762   
 3347019,  Namibe,  AO,                  -15.19,  12.15,                    24,  4.14,  72.04,                100,  1545515764   
 2022572,  Khatanga,  RU,                  71.98,  102.47,                    48,  17.22,  -18.51,                81,  1545515628   
 3412093,  Vestmannaeyjar,  IS,                  63.44,  -20.27,                    12,  6.6,  33.79,                97,  1545515769   
 2110227,  Butaritari,  KI,                  3.07,  172.79,                    68,  4.7,  81.71,                100,  1545515712   
 2206939,  Bluff,  NZ,                  -46.6,  168.33,                    0,  9.06,  54.13,                100,  1545515760   
 3691954,  Sechura,  PE,                  -5.56,  -80.82,                    0,  14.43,  79.82,                70,  1545515775   
 3547930,  Mantua,  CU,                  22.29,  -84.28,                    0,  4.25,  77.12,                56,  1545515729   
 4035715,  Avarua,  CK,                  -21.21,  -159.78,                    75,  11.41,  84.2,                74,  1545512400   
 6148373,  Sioux  Lookout,  CA,                  50.1,  -91.92,                    90,  11.41,  15.8,                85,  1545514980   
 5855927,  Hilo,  US,                  19.71,  -155.08,                    90,  8.05,  75.02,                78,  1545511980   
 2325161,  Ozubulu,  NG,                  5.95,  6.85,                    8,  7.83,  79.78,                44,  1545515787   
 3831208,  Qaanaaq,  GL,                  77.48,  -69.36,                    0,  4.59,  -17.52,                74,  1545515555   
 1524298,  Aksu,  KZ,                  52.04,  76.93,                    0,  6.71,  -2.21,                77,  1545514200   
 4031574,  Provideniya,  RU,                  64.42,  -173.23,                    32,  6.93,  3.86,                100,  1545515798   
 3366880,  Hermanus,  ZA,                  -34.42,  19.24,                    8,  2.91,  61.01,                93,  1545515597   
 5969025,  Haines  Junction,  CA,                  60.75,  -137.51,                    48,  2.35,  -1.32,                81,  1545515802   
 4020109,  Atuona,  PF,                  -9.8,  -139.03,                    48,  14.32,  78.2,                100,  1545515494   
 1282256,  Hithadhoo,  MV,                  -0.6,  73.08,                    0,  8.72,  82.34,                100,  1545515634   
 2015306,  Tiksi,  RU,                  71.64,  128.87,                    0,  10.4,  -32.37,                56,  1545515808   
 2155415,  New  Norfolk,  AU,                  -42.78,  147.06,                    75,  12.75,  62.6,                51,  1545514200   
 1488903,  Turukhansk,  RU,                  65.8,  87.96,                    20,  2.91,  -48.43,                0,  1545515814   
 2122605,  Okhotsk,  RU,                  59.36,  143.24,                    88,  5.82,  4.04,                100,  1545515816   
 1636022,  Martapura,  ID,                  -3.41,  114.85,                    64,  9.51,  77.66,                100,  1545515818   
 6170031,  Tuktoyaktuk,  CA,                  69.44,  -133.03,                    90,  3.36,  1.4,                84,  1545512400   
 932183,  Quthing,  LS,                  -30.4,  27.7,                    0,  1.9,  55.25,                75,  1545515823   
 3877949,  Osorno,  CL,                  -40.57,  -73.14,                    40,  5.82,  68,                60,  1545512400   
 4030556,  Rikitea,  PF,                  -23.12,  -134.97,                    12,  17.67,  78.34,                100,  1545515465   
 4030556,  Rikitea,  PF,                  -23.12,  -134.97,                    12,  17.67,  78.34,                100,  1545515465   
 2163355,  Hobart,  AU,                  -42.88,  147.33,                    75,  12.75,  62.6,                51,  1545514200   
 2077963,  Albany,  AU,                  -35.02,  117.88,                    40,  4.92,  60.8,                93,  1545514200   
 4020109,  Atuona,  PF,                  -9.8,  -139.03,                    48,  14.32,  78.2,                100,  1545515494   
 2654970,  Brae,  GB,                  60.4,  -1.35,                    64,  2.24,  39.2,                100,  1545513600   
 1106677,  Bambous  Virieux,  MU,                  -20.34,  57.76,                    75,  17.22,  78.8,                83,  1545512400   
 2084442,  Vanimo,  PG,                  -2.67,  141.3,                    48,  8.72,  83.02,                100,  1545515845   
 6167817,  Torbay,  CA,                  47.66,  -52.73,                    90,  24.16,  33.8,                95,  1545512400   
 1242110,  Kalmunai,  LK,                  7.42,  81.82,                    88,  2.68,  74.02,                100,  1545515850   
 6165406,  Thompson,  CA,                  55.74,  -97.86,                    90,  10.29,  3.2,                71,  1545512400   
 4030556,  Rikitea,  PF,                  -23.12,  -134.97,                    12,  17.67,  78.34,                100,  1545515465   
 2142316,  Yeppoon,  AU,                  -23.13,  150.74,                    75,  12.75,  75.2,                78,  1545514200   
 3372707,  Ribeira  Grande,  PT,                  38.52,  -28.7,                    90,  5.82,  57.2,                82,  1545512400   
 1803331,  Linxia,  CN,                  35.6,  103.21,                    24,  1.12,  2.06,                65,  1545515862   
 1259385,  Port  Blair,  IN,                  11.67,  92.75,                    36,  10.29,  82.25,                100,  1545515864   
 4020109,  Atuona,  PF,                  -9.8,  -139.03,                    48,  14.32,  78.2,                100,  1545515494   
 591476,  Kose,  EE,                  59.18,  25.17,                    90,  5.82,  17.6,                92,  1545513600   
 2022572,  Khatanga,  RU,                  71.98,  102.47,                    48,  17.22,  -18.51,                81,  1545515628   
 1067565,  Beloha,  MG,                  -25.17,  45.06,                    0,  7.38,  67.9,                74,  1545515580   
 2028164,  Deputatskiy,  RU,                  69.3,  139.9,                    20,  2.91,  -41.14,                0,  1545515748   
 3833367,  Ushuaia,  AR,                  -54.81,  -68.31,                    40,  35.57,  50,                76,  1545512400   
 3836669,  San  Rafael,  AR,                  -34.61,  -68.33,                    44,  3.91,  81.49,                33,  1545515752   
 2450173,  Taoudenni,  ML,                  22.68,  -3.98,                    0,  12.19,  59.3,                33,  1545515883   
 4030556,  Rikitea,  PF,                  -23.12,  -134.97,                    12,  17.67,  78.34,                100,  1545515465   
 964432,  Port  Alfred,  ZA,                  -33.59,  26.89,                    44,  13.53,  74.29,                86,  1545515748   
 2191562,  Dunedin,  NZ,                  -45.87,  170.5,                    0,  3.91,  51.11,                87,  1545515879   
 1028434,  Quelimane,  MZ,                  -17.88,  36.89,                    75,  7.61,  78.8,                88,  1545512400   
 292968,  Abu  Dhabi,  AE,                  24.47,  54.37,                    40,  12.75,  69.8,                60,  1545512400   
 6185377,  Yellowknife,  CA,                  62.45,  -114.38,                    90,  4.7,  -0.41,                84,  1545512400   
 2015306,  Tiksi,  RU,                  71.64,  128.87,                    0,  10.4,  -32.37,                56,  1545515808   
 1015776,  Bredasdorp,  ZA,                  -34.53,  20.04,                    0,  1.12,  71.6,                83,  1545512400   
 3355672,  Luderitz,  NA,                  -26.65,  15.16,                    0,  20.47,  63.67,                65,  1545515904   
 2075265,  Busselton,  AU,                  -33.64,  115.35,                    0,  15.66,  64.25,                100,  1545515729   
 2159220,  Mackay,  AU,                  -21.15,  149.2,                    90,  10.29,  78.8,                83,  1545512400   
 1082243,  Ambilobe,  MG,                  -13.19,  49.05,                    80,  4.14,  74.24,                97,  1545515912   
 4030556,  Rikitea,  PF,                  -23.12,  -134.97,                    12,  17.67,  78.34,                100,  1545515465   
 3386213,  Touros,  BR,                  -5.2,  -35.46,                    68,  13.42,  80.81,                82,  1545515916   
 2075265,  Busselton,  AU,                  -33.64,  115.35,                    0,  15.66,  64.25,                100,  1545515729   
 3833367,  Ushuaia,  AR,                  -54.81,  -68.31,                    40,  35.57,  50,                76,  1545512400   
 3381041,  Mana,  GF,                  5.67,  -53.78,                    88,  5.26,  80.23,                69,  1545515924   
 4252975,  Barrow,  US,                  39.51,  -90.4,                    1,  11.41,  51.98,                65,  1545514500   
 2121373,  Seymchan,  RU,                  62.93,  152.39,                    64,  2.68,  -28.09,                43,  1545515928   
 5563839,  Fortuna,  US,                  40.6,  -124.16,                    75,  8.05,  48.02,                100,  1545514500   
 4032243,  Vaini,  TO,                  -21.2,  -175.2,                    20,  9.17,  84.2,                79,  1545512400   
 3393692,  Itarema,  BR,                  -2.92,  -39.92,                    56,  11.97,  82.7,                72,  1545515935   
 964420,  Port  Elizabeth,  ZA,                  -33.92,  25.57,                    80,  4.25,  71.27,                94,  1545515471   
 4030556,  Rikitea,  PF,                  -23.12,  -134.97,                    12,  17.67,  78.34,                100,  1545515465   
 3421719,  Narsaq,  GL,                  60.91,  -46.05,                    88,  2.57,  17.59,                78,  1545515708   
 654901,  Kajaani,  FI,                  64.22,  27.73,                    20,  4.7,  1.4,                84,  1545515400   
 3833367,  Ushuaia,  AR,                  -54.81,  -68.31,                    40,  35.57,  50,                76,  1545512400   
 535605,  Letnyaya  Stavka,  RU,                  45.43,  43.44,                    80,  8.16,  34.78,                93,  1545515947   
 3874787,  Punta  Arenas,  CL,                  -53.16,  -70.91,                    0,  33.33,  55.4,                47,  1545512400   
 3833367,  Ushuaia,  AR,                  -54.81,  -68.31,                    40,  35.57,  50,                76,  1545512400   
 2208248,  Kaitangata,  NZ,                  -46.28,  169.85,                    0,  4.59,  53.77,                81,  1545515496   
 286621,  Salalah,  OM,                  17.01,  54.1,                    0,  8.05,  71.6,                40,  1545511800   
 2411397,  Georgetown,  SH,                  -7.93,  -14.42,                    24,  16.89,  77.39,                100,  1545515643   
 5850554,  Makakilo  City,  US,                  21.35,  -158.09,                    1,  11.41,  80.96,                54,  1545512220   
 122397,  Neka,  IR,                  36.65,  53.3,                    0,  2.46,  31.99,                95,  1545515963   
 3423146,  Ilulissat,  GL,                  69.22,  -51.1,                    90,  4.7,  21.2,                92,  1545511800   
 610298,  Beyneu,  KZ,                  45.32,  55.19,                    32,  8.39,  9.67,                64,  1545515968   
 2654970,  Brae,  GB,                  60.4,  -1.35,                    64,  2.24,  39.2,                100,  1545513600   
 2077963,  Albany,  AU,                  -35.02,  117.88,                    40,  4.92,  60.8,                93,  1545514200   
 244878,  Biltine,  TD,                  14.53,  20.93,                    8,  13.76,  62.32,                25,  1545515974   
 582447,  Almaznyy,  RU,                  48.03,  40.04,                    90,  8.95,  33.8,                100,  1545514200   
 3533462,  Acapulco,  MX,                  16.86,  -99.88,                    5,  9.17,  84.2,                66,  1545511560   
 3370903,  Jamestown,  SH,                  -15.94,  -5.72,                    92,  13.65,  71.09,                100,  1545515723   
 6165406,  Thompson,  CA,                  55.74,  -97.86,                    90,  10.29,  3.2,                71,  1545512400   
 2163355,  Hobart,  AU,                  -42.88,  147.33,                    75,  12.75,  62.6,                51,  1545514200   
 2137773,  Vao,  NC,                  -22.67,  167.48,                    48,  11.63,  77.75,                98,  1545515988   
 1703912,  Magdalena,  PH,                  14.2,  121.43,                    75,  11.41,  78.8,                88,  1545512400   
 1175012,  Kandiari,  PK,                  26.92,  68.52,                    0,  4.59,  48.37,                83,  1545515993   
 3591885,  Pajapita,  GT,                  14.72,  -92.03,                    20,  6.93,  89.6,                49,  1545512400   
 4252975,  Barrow,  US,                  39.51,  -90.4,                    1,  11.41,  51.98,                65,  1545514500   
 1053384,  Toamasina,  MG,                  -18.17,  49.38,                    75,  1.9,  78.8,                83,  1545512400   
 3522696,  Nogales,  MX,                  18.82,  -97.16,                    0,  2.68,  66.86,                42,  1545516008   
 6185377,  Yellowknife,  CA,                  62.45,  -114.38,                    90,  4.7,  -0.41,                84,  1545512400   
 241131,  Victoria,  SC,                  -4.62,  55.45,                    92,  5.82,  80.6,                78,  1545512400   
 2121385,  Severo-Kurilsk,  RU,                  50.68,  156.12,                    0,  4.36,  23.35,                100,  1545515446   
 5924351,  Clyde  River,  CA,                  70.47,  -68.59,                    40,  12.75,  -16.61,                68,  1545512400   
 964420,  Port  Elizabeth,  ZA,                  -33.92,  25.57,                    80,  4.25,  71.27,                94,  1545515471   
 4020109,  Atuona,  PF,                  -9.8,  -139.03,                    48,  14.32,  78.2,                100,  1545515494   
 6320062,  Vila  Velha,  BR,                  -3.71,  -38.6,                    0,  9.17,  82.4,                74,  1545512400   
 2017155,  Saskylakh,  RU,                  71.97,  114.09,                    36,  8.39,  -38.35,                79,  1545516027   
 4030556,  Rikitea,  PF,                  -23.12,  -134.97,                    12,  17.67,  78.34,                100,  1545515465   
 4030556,  Rikitea,  PF,                  -23.12,  -134.97,                    12,  17.67,  78.34,                100,  1545515465   
 3424607,  Tasiilaq,  GL,                  65.61,  -37.64,                    32,  2.24,  24.8,                85,  1545511800   
 3833367,  Ushuaia,  AR,                  -54.81,  -68.31,                    40,  35.57,  50,                76,  1545512400   
 3370903,  Jamestown,  SH,                  -15.94,  -5.72,                    92,  13.65,  71.09,                100,  1545515723   
 257827,  Mantamados,  GR,                  39.31,  26.33,                    75,  3.36,  42.8,                93,  1545511800   
 3136690,  Stokmarknes,  NO,                  68.56,  14.91,                    88,  10.18,  30.28,                100,  1545516042   
 2062276,  Roebourne,  AU,                  -20.77,  117.15,                    0,  11.97,  75.73,                57,  1545516044   
 2656955,  Ashford,  GB,                  51.15,  0.87,                    44,  12.75,  48.2,                93,  1545515400   
 2015306,  Tiksi,  RU,                  71.64,  128.87,                    0,  10.4,  -32.37,                56,  1545515808   
 3443061,  Chuy,  UY,                  -33.69,  -53.46,                    88,  10.74,  68.8,                97,  1545515528   
 2138555,  Poum,  NC,                  -20.23,  164.02,                    20,  2.8,  79.69,                100,  1545515752   
 3833367,  Ushuaia,  AR,                  -54.81,  -68.31,                    40,  35.57,  50,                76,  1545512400   
 546105,  Nikolskoye,  RU,                  59.7,  30.79,                    75,  8.95,  15.8,                92,  1545514200   
 1015776,  Bredasdorp,  ZA,                  -34.53,  20.04,                    0,  1.12,  71.6,                83,  1545512400   
 4030556,  Rikitea,  PF,                  -23.12,  -134.97,                    12,  17.67,  78.34,                100,  1545515465   
 2138285,  Tadine,  NC,                  -21.55,  167.88,                    64,  8.39,  79.19,                97,  1545516062   
 4035715,  Avarua,  CK,                  -21.21,  -159.78,                    75,  11.41,  84.2,                74,  1545512400   
 1715015,  Dicabisagan,  PH,                  17.08,  122.42,                    92,  8.72,  72.22,                100,  1545516067   
 4020109,  Atuona,  PF,                  -9.8,  -139.03,                    48,  14.32,  78.2,                100,  1545515494   
 2071860,  Esperance,  AU,                  -33.86,  121.89,                    0,  18.34,  68,                34,  1545512400   
 1626099,  Sumenep,  ID,                  -7.02,  113.87,                    80,  4.14,  78.02,                100,  1545516073   
 5880568,  Bethel,  US,                  60.79,  -161.76,                    90,  14.99,  1.4,                84,  1545514440   
 2206939,  Bluff,  NZ,                  -46.6,  168.33,                    0,  9.06,  54.13,                100,  1545515760   
 3421765,  Nanortalik,  GL,                  60.14,  -45.24,                    88,  4.14,  31.94,                93,  1545516084   
 964432,  Port  Alfred,  ZA,                  -33.59,  26.89,                    44,  13.53,  74.29,                86,  1545515748   
 6170031,  Tuktoyaktuk,  CA,                  69.44,  -133.03,                    90,  3.36,  1.4,                84,  1545512400   
 1078553,  Ampanihy,  MG,                  -24.69,  44.75,                    0,  9.06,  65.87,                77,  1545516090   
 4030556,  Rikitea,  PF,                  -23.12,  -134.97,                    12,  17.67,  78.34,                100,  1545516092   
 3424607,  Tasiilaq,  GL,                  65.61,  -37.64,                    32,  2.24,  24.8,                85,  1545511800   
 964432,  Port  Alfred,  ZA,                  -33.59,  26.89,                    44,  13.53,  74.29,                86,  1545515748   
 964432,  Port  Alfred,  ZA,                  -33.59,  26.89,                    44,  13.53,  74.29,                86,  1545515748   
 2136697,  Lakatoro,  VU,                  -16.11,  167.42,                    48,  5.82,  82.7,                89,  1545516104   
 6355222,  Yulara,  AU,                  -25.24,  130.99,                    0,  12.75,  71.6,                19,  1545512400   
 4500920,  Brigantine,  US,                  39.41,  -74.36,                    40,  16.11,  46.94,                62,  1545516000   
 1277909,  Bagepalli,  IN,                  13.78,  77.8,                    40,  5.82,  69.8,                100,  1545514200   
 2077963,  Albany,  AU,                  -35.02,  117.88,                    40,  4.92,  60.8,                93,  1545514200   
 3366880,  Hermanus,  ZA,                  -34.42,  19.24,                    8,  2.91,  61.01,                93,  1545515597   
 2374583,  Bubaque,  GW,                  11.28,  -15.83,                    0,  6.6,  82.03,                96,  1545516121   
 3985710,  Cabo  San  Lucas,  MX,                  22.89,  -109.91,                    40,  4.7,  77,                69,  1545511920   
 3370903,  Jamestown,  SH,                  -15.94,  -5.72,                    92,  13.65,  71.09,                100,  1545515723   
 3137469,  Sorland,  NO,                  67.67,  12.69,                    80,  13.53,  38.38,                100,  1545516130   
 4030556,  Rikitea,  PF,                  -23.12,  -134.97,                    12,  17.67,  78.34,                100,  1545516092   
 2014624,  Udachnyy,  RU,                  66.42,  112.4,                    0,  2.24,  -51.76,                0,  1545516134   
 2173125,  Burnie,  AU,                  -41.05,  145.91,                    56,  13.65,  58.09,                100,  1545516136   
 4252975,  Barrow,  US,                  39.51,  -90.4,                    1,  11.41,  51.98,                65,  1545514500   
 6185377,  Yellowknife,  CA,                  62.45,  -114.38,                    90,  4.7,  -0.41,                84,  1545512400   
 1277530,  Baloda  Bazar,  IN,                  21.65,  82.17,                    0,  2.24,  57.2,                67,  1545512400   
 4267710,  Sitka,  US,                  37.17,  -99.65,                    0,  6.93,  53.81,                35,  1545515965   
 5563839,  Fortuna,  US,                  40.6,  -124.16,                    75,  8.05,  48.02,                100,  1545514500   
 2013459,  Verkh-Usugli,  RU,                  52.7,  115.17,                    8,  6.6,  -5.91,                64,  1545516151   
 2174444,  Bowen,  AU,                  -20.01,  148.25,                    40,  10.29,  80.6,                83,  1545512400   
 6170031,  Tuktoyaktuk,  CA,                  69.44,  -133.03,                    90,  3.36,  1.4,                84,  1545512400   
 3874787,  Punta  Arenas,  CL,                  -53.16,  -70.91,                    0,  33.33,  55.4,                47,  1545512400   
 5848280,  Kapaa,  US,                  22.08,  -159.32,                    20,  9.17,  78.98,                69,  1545512160   
 5920288,  Charlottetown,  CA,                  46.23,  -63.13,                    90,  17.22,  50,                100,  1545512400   
 4020109,  Atuona,  PF,                  -9.8,  -139.03,                    48,  14.32,  78.2,                100,  1545516166   
 934322,  Mahebourg,  MU,                  -20.41,  57.7,                    75,  17.22,  78.8,                83,  1545512400   
 4030556,  Rikitea,  PF,                  -23.12,  -134.97,                    12,  17.67,  78.34,                100,  1545516092   
 3424607,  Tasiilaq,  GL,                  65.61,  -37.64,                    32,  2.24,  24.8,                85,  1545511800   
 5882953,  Aklavik,  CA,                  68.22,  -135.01,                    90,  3.36,  -4.01,                83,  1545512400   
 3429594,  Reconquista,  AR,                  -29.14,  -59.64,                    0,  4.25,  83.69,                74,  1545516182   
 3883457,  Lebu,  CL,                  -37.62,  -73.65,                    0,  19.24,  58.18,                95,  1545516185   
 934322,  Mahebourg,  MU,                  -20.41,  57.7,                    75,  17.22,  78.8,                83,  1545512400   
 4031637,  Lavrentiya,  RU,                  65.58,  -170.99,                    64,  14.2,  6.2,                100,  1545516191   
 2177671,  Armidale,  AU,                  -30.51,  151.67,                    0,  7.05,  55.48,                81,  1545516193   
 5882953,  Aklavik,  CA,                  68.22,  -135.01,                    90,  3.36,  -4.01,                83,  1545512400   
 5367788,  Lompoc,  US,                  34.64,  -120.46,                    1,  4.7,  68,                49,  1545514500   
 3833367,  Ushuaia,  AR,                  -54.81,  -68.31,                    40,  35.57,  50,                76,  1545512400   
 2075265,  Busselton,  AU,                  -33.64,  115.35,                    0,  15.66,  64.25,                100,  1545515729   
 6355222,  Yulara,  AU,                  -25.24,  130.99,                    0,  12.75,  71.6,                19,  1545512400   
 2163355,  Hobart,  AU,                  -42.88,  147.33,                    75,  12.75,  62.6,                51,  1545514200   
 2206939,  Bluff,  NZ,                  -46.6,  168.33,                    0,  9.06,  54.13,                100,  1545515760   
 2411397,  Georgetown,  SH,                  -7.93,  -14.42,                    24,  16.89,  77.39,                100,  1545515643   
 3369157,  Cape  Town,  ZA,                  -33.93,  18.42,                    75,  16.11,  69.8,                88,  1545512400   
 3833367,  Ushuaia,  AR,                  -54.81,  -68.31,                    40,  35.57,  50,                76,  1545512400   
 1015776,  Bredasdorp,  ZA,                  -34.53,  20.04,                    0,  1.12,  71.6,                83,  1545512400   
 5855927,  Hilo,  US,                  19.71,  -155.08,                    90,  8.05,  75.02,                78,  1545511980   
 4035715,  Avarua,  CK,                  -21.21,  -159.78,                    75,  11.41,  84.2,                74,  1545512400   
 245669,  Adre,  TD,                  13.47,  22.2,                    0,  12.97,  62.45,                22,  1545516222   
 4020109,  Atuona,  PF,                  -9.8,  -139.03,                    48,  14.32,  78.2,                100,  1545516166   
 2077963,  Albany,  AU,                  -35.02,  117.88,                    40,  4.92,  60.8,                93,  1545514200   
 2377457,  Nouadhibou,  MR,                  20.93,  -17.03,                    48,  6.93,  69.8,                46,  1545512400   
 2411397,  Georgetown,  SH,                  -7.93,  -14.42,                    24,  16.89,  77.39,                100,  1545515643   
 4252975,  Barrow,  US,                  39.51,  -90.4,                    1,  11.41,  51.98,                65,  1545514500   
 3703523,  Palmas  Bellas,  PA,                  9.23,  -80.09,                    20,  12.75,  86,                66,  1545512400   
 146400,  Dromolaxia,  CY,                  34.88,  33.59,                    20,  6.93,  53.6,                81,  1545514200   
 1507390,  Dikson,  RU,                  73.51,  80.55,                    80,  34.78,  1.93,                99,  1545516243   
 1486910,  Komsomolskiy,  RU,                  67.55,  63.78,                    56,  15.99,  -10.36,                71,  1545516245   
 3863379,  Mar  del  Plata,  AR,                  -46.43,  -67.52,                    12,  20.02,  79.42,                28,  1545516081   
 5972762,  Hay  River,  CA,                  60.82,  -115.79,                    90,  6.93,  1.4,                84,  1545512400   
 2126123,  Chokurdakh,  RU,                  70.62,  147.9,                    32,  3.02,  -36.51,                72,  1545516253   
 2135517,  Norsup,  VU,                  -16.07,  167.38,                    48,  5.82,  82.7,                89,  1545516255   
 1633419,  Padang,  ID,                  -0.92,  100.36,                    88,  5.59,  76.9,                100,  1545516257   
 2185763,  Okato,  NZ,                  -39.19,  173.88,                    0,  12.19,  64.7,                92,  1545516264   
 7626344,  Hof,  NO,                  59.53,  10.09,                    48,  2.24,  26.6,                85,  1545513600   
 2276492,  Harper,  LR,                  4.38,  -7.71,                    0,  6.49,  81.22,                100,  1545516272   
 3370903,  Jamestown,  SH,                  -15.94,  -5.72,                    92,  13.65,  71.09,                100,  1545515723   
 5671996,  Polson,  US,                  47.69,  -114.16,                    75,  4.7,  33.08,                48,  1545512100   
 108410,  Riyadh,  SA,                  24.63,  46.72,                    0,  2.91,  51.8,                57,  1545512400   
 3870243,  Taltal,  CL,                  -25.41,  -70.49,                    0,  3.69,  69.2,                67,  1545516280   
 2088163,  Popondetta,  PG,                  -8.77,  148.24,                    20,  2.13,  70.91,                87,  1545516282   
 2110227,  Butaritari,  KI,                  3.07,  172.79,                    68,  4.7,  81.71,                100,  1545515712   
 933995,  Souillac,  MU,                  -20.52,  57.52,                    75,  17.22,  78.8,                83,  1545512400   
 2077963,  Albany,  AU,                  -35.02,  117.88,                    40,  4.92,  60.8,                93,  1545514200   
 2083537,  Wewak,  PG,                  -3.55,  143.63,                    76,  2.68,  76.99,                98,  1545516291   
 6078372,  Moose  Factory,  CA,                  51.26,  -80.61,                    90,  14.99,  12.2,                85,  1545512400   
 3939761,  Hualmay,  PE,                  -11.1,  -77.61,                    32,  6.04,  75.82,                67,  1545516295   
 4032243,  Vaini,  TO,                  -21.2,  -175.2,                    20,  9.17,  84.2,                79,  1545512400   
 3423146,  Ilulissat,  GL,                  69.22,  -51.1,                    90,  4.7,  21.2,                92,  1545511800   
 2075265,  Busselton,  AU,                  -33.64,  115.35,                    0,  15.66,  64.25,                100,  1545515729   
 2021031,  Kyren,  RU,                  51.68,  102.13,                    0,  4.36,  -6.76,                74,  1545516307   
 3831208,  Qaanaaq,  GL,                  77.48,  -69.36,                    0,  4.59,  -17.52,                74,  1545516310   
 3374210,  Sao  Filipe,  CV,                  14.9,  -24.5,                    92,  10.85,  76.09,                90,  1545516314   
 3883457,  Lebu,  CL,                  -37.62,  -73.65,                    0,  19.24,  58.18,                95,  1545516185   
 2028462,  Ulaanbaatar,  MN,                  47.92,  106.92,                    0,  2.24,  -20.21,                61,  1545514200   
 4030556,  Rikitea,  PF,                  -23.12,  -134.97,                    12,  17.67,  78.34,                100,  1545516092   
 1623197,  Tual,  ID,                  -5.67,  132.75,                    64,  13.2,  82.52,                100,  1545516322   
 3439749,  Trinidad,  UY,                  -33.52,  -56.9,                    0,  13.42,  80.45,                47,  1545516325   
 2155415,  New  Norfolk,  AU,                  -42.78,  147.06,                    75,  12.75,  62.6,                51,  1545514200   
 2022572,  Khatanga,  RU,                  71.98,  102.47,                    48,  17.22,  -18.51,                81,  1545516331   
 4020109,  Atuona,  PF,                  -9.8,  -139.03,                    48,  14.32,  78.2,                100,  1545516166   
 915471,  Kalabo,  ZM,                  -15,  22.67,                    64,  3.13,  65.65,                89,  1545516335   
 6320062,  Vila  Velha,  BR,                  -3.71,  -38.6,                    0,  9.17,  82.4,                74,  1545512400   
 1521762,  Kurchum,  KZ,                  48.57,  83.65,                    0,  3.47,  -19.86,                56,  1545516339   
 2122493,  Omsukchan,  RU,                  62.53,  155.8,                    32,  2.57,  -26.34,                75,  1545516341   
 2180815,  Tuatapere,  NZ,                  -46.13,  167.69,                    0,  4.14,  52.91,                100,  1545516344   
 2063042,  Port  Hedland,  AU,                  -20.31,  118.58,                    0,  3.36,  73.4,                83,  1545514200   
 2185329,  Waipawa,  NZ,                  -39.94,  176.59,                    76,  3.69,  61.1,                86,  1545516348   
 2018735,  Nyurba,  RU,                  63.29,  118.35,                    0,  6.15,  -21.25,                61,  1545516350   
 5975034,  High  Prairie,  CA,                  55.43,  -116.48,                    8,  3.69,  20.69,                71,  1545516352   
 3874787,  Punta  Arenas,  CL,                  -53.16,  -70.91,                    0,  33.33,  55.4,                47,  1545512400   
 6185377,  Yellowknife,  CA,                  62.45,  -114.38,                    90,  4.7,  -0.41,                84,  1545512400   
 3869716,  Tocopilla,  CL,                  -22.09,  -70.2,                    12,  7.05,  67.67,                80,  1545516359   
 3366880,  Hermanus,  ZA,                  -34.42,  19.24,                    8,  2.91,  61.01,                93,  1545516363   
 4202810,  Jesup,  US,                  31.61,  -81.89,                    1,  4.7,  57.2,                41,  1545515700   
 3366880,  Hermanus,  ZA,                  -34.42,  19.24,                    8,  2.91,  61.01,                93,  1545516363   
 2017155,  Saskylakh,  RU,                  71.97,  114.09,                    36,  8.39,  -38.35,                79,  1545516369   
 5880568,  Bethel,  US,                  60.79,  -161.76,                    90,  14.99,  1.4,                84,  1545514440   
 2022572,  Khatanga,  RU,                  71.98,  102.47,                    48,  17.22,  -18.51,                81,  1545516375   
 1257771,  Saiha,  IN,                  22.49,  92.98,                    0,  2.91,  52.15,                87,  1545516378   
 3369157,  Cape  Town,  ZA,                  -33.93,  18.42,                    75,  16.11,  69.8,                88,  1545512400   
 1636426,  Manggar,  ID,                  -2.88,  108.27,                    48,  6.38,  77.21,                100,  1545516384   
 2075265,  Busselton,  AU,                  -33.64,  115.35,                    0,  15.66,  64.25,                100,  1545516386   
 3353540,  Rehoboth,  NA,                  -23.31,  17.08,                    32,  6.49,  72.4,                37,  1545516472   
 2121385,  Severo-Kurilsk,  RU,                  50.68,  156.12,                    0,  4.36,  23.35,                100,  1545516393   
 4030556,  Rikitea,  PF,                  -23.12,  -134.97,                    12,  17.67,  78.34,                100,  1545516395   
 3369157,  Cape  Town,  ZA,                  -33.93,  18.42,                    75,  16.11,  69.8,                88,  1545512400   
 1621313,  Ambulu,  ID,                  -8.35,  113.61,                    92,  3.47,  76.31,                100,  1545516399   
 3424607,  Tasiilaq,  GL,                  65.61,  -37.64,                    32,  2.24,  24.8,                85,  1545511800   
 777019,  Vardo,  NO,                  70.37,  31.11,                    12,  31.43,  21.86,                100,  1545516189   
 2126638,  Bogorodskoye,  RU,                  52.37,  140.44,                    76,  2.24,  -6.54,                72,  1545516408   
 1788852,  Xining,  CN,                  36.62,  101.77,                    0,  8.28,  17.99,                35,  1545516410   
 2151187,  Roma,  AU,                  -26.57,  148.79,                    0,  8.28,  67.72,                35,  1545516412   
 3443413,  Canelones,  UY,                  -34.52,  -56.28,                    20,  11.41,  71.6,                68,  1545512400   
 2015306,  Tiksi,  RU,                  71.64,  128.87,                    0,  10.4,  -32.37,                56,  1545516416   
 1337607,  Kudahuvadhoo,  MV,                  2.67,  72.89,                    0,  7.38,  82.07,                100,  1545516418   
 3185728,  Durres,  AL,                  41.32,  19.44,                    90,  4.7,  50,                81,  1545515400   
 2411397,  Georgetown,  SH,                  -7.93,  -14.42,                    24,  16.89,  77.39,                100,  1545516423   
 3831208,  Qaanaaq,  GL,                  77.48,  -69.36,                    0,  4.59,  -17.52,                74,  1545516425   
 2075265,  Busselton,  AU,                  -33.64,  115.35,                    0,  15.66,  64.25,                100,  1545516386   
 2122090,  Pevek,  RU,                  69.7,  170.27,                    32,  1.68,  -22.6,                100,  1545516431   
 2077963,  Albany,  AU,                  -35.02,  117.88,                    40,  4.92,  60.8,                93,  1545514200   
 2077963,  Albany,  AU,                  -35.02,  117.88,                    40,  4.92,  60.8,                93,  1545514200   
 1162105,  Zhob,  PK,                  31.34,  69.45,                    12,  2.68,  17.72,                76,  1545516441   
 3471451,  Arraial  do  Cabo,  BR,                  -22.97,  -42.02,                    20,  8.05,  84.2,                66,  1545512400   
 2077963,  Albany,  AU,                  -35.02,  117.88,                    40,  4.92,  60.8,                93,  1545514200   
 80509,  Bardiyah,  LY,                  31.76,  25.09,                    88,  9.51,  61.01,                100,  1545516448   
 3985168,  San  Patricio,  MX,                  19.22,  -104.7,                    40,  11.41,  82.4,                65,  1545515160   
 3860443,  Comodoro  Rivadavia,  AR,                  -45.87,  -67.48,                    0,  26.4,  78.8,                19,  1545512400   
 4030556,  Rikitea,  PF,                  -23.12,  -134.97,                    12,  17.67,  78.34,                100,  1545516395   
 2017155,  Saskylakh,  RU,                  71.97,  114.09,                    36,  8.39,  -38.35,                79,  1545516369   
 3369157,  Cape  Town,  ZA,                  -33.93,  18.42,                    75,  16.11,  69.8,                88,  1545512400   
 2208248,  Kaitangata,  NZ,                  -46.28,  169.85,                    0,  4.59,  53.77,                81,  1545516464   
 503581,  Pyaozerskiy,  RU,                  65.83,  31.17,                    68,  3.47,  3.1,                83,  1545516466   
 2121385,  Severo-Kurilsk,  RU,                  50.68,  156.12,                    0,  4.36,  23.35,                100,  1545516393   
 3370903,  Jamestown,  SH,                  -15.94,  -5.72,                    92,  13.65,  71.09,                100,  1545516471   
 1805953,  Jiaxing,  CN,                  30.76,  120.75,                    75,  8.95,  50,                93,  1545514200   
 2409914,  Bonthe,  SL,                  7.53,  -12.5,                    8,  5.93,  86.17,                58,  1545516475   
 3883457,  Lebu,  CL,                  -37.62,  -73.65,                    0,  19.24,  58.18,                95,  1545516479   
 1805857,  Jieshi,  CN,                  22.82,  115.83,                    92,  5.03,  67.09,                99,  1545516484   
 6170031,  Tuktoyaktuk,  CA,                  69.44,  -133.03,                    90,  3.36,  1.4,                84,  1545512400   
 6185377,  Yellowknife,  CA,                  62.45,  -114.38,                    90,  4.7,  -0.41,                84,  1545512400   
 2120048,  Ust-Nera,  RU,                  64.57,  143.24,                    48,  2.13,  -32.41,                50,  1545516490   
 6170031,  Tuktoyaktuk,  CA,                  69.44,  -133.03,                    90,  3.36,  1.4,                84,  1545512400   
 5848280,  Kapaa,  US,                  22.08,  -159.32,                    20,  9.17,  78.98,                69,  1545512160   
 4030556,  Rikitea,  PF,                  -23.12,  -134.97,                    12,  17.67,  78.34,                100,  1545516395   
 3883457,  Lebu,  CL,                  -37.62,  -73.65,                    0,  19.24,  58.18,                95,  1545516479   
 964432,  Port  Alfred,  ZA,                  -33.59,  26.89,                    44,  13.53,  74.29,                86,  1545516501   
 2208248,  Kaitangata,  NZ,                  -46.28,  169.85,                    0,  4.59,  53.77,                81,  1545516464   
 3514454,  Xochihuehuetlan,  MX,                  17.92,  -98.43,                    0,  3.24,  78.11,                25,  1545516509   
 2075265,  Busselton,  AU,                  -33.64,  115.35,                    0,  15.66,  64.25,                100,  1545516386   
 2110227,  Butaritari,  KI,                  3.07,  172.79,                    68,  4.7,  81.71,                100,  1545516515   
 4787534,  Sterling,  US,                  39,  -77.4,                    40,  11.41,  46.94,                51,  1545515760   
 5983720,  Iqaluit,  CA,                  63.75,  -68.52,                    90,  28.86,  -5.81,                76,  1545512400   
 6162949,  Terrace,  CA,                  54.52,  -128.61,                    90,  23.04,  26.6,                73,  1545512400   
 2132606,  Samarai,  PG,                  -10.62,  150.67,                    44,  3.36,  82.3,                100,  1545516524   
 4032243,  Vaini,  TO,                  -21.2,  -175.2,                    20,  10.29,  84.2,                79,  1545516000   
 2033225,  Zalantun,  CN,                  48,  122.72,                    0,  11.63,  3.64,                27,  1545516530   
 6167817,  Torbay,  CA,                  47.66,  -52.73,                    90,  24.16,  33.8,                95,  1545512400   
 3372707,  Ribeira  Grande,  PT,                  38.52,  -28.7,                    90,  5.82,  57.2,                82,  1545512400   
 3466165,  Cidreira,  BR,                  -30.17,  -50.22,                    20,  7.16,  78.52,                79,  1545516536   
 1490256,  Talnakh,  RU,                  69.49,  88.39,                    64,  3.13,  -34.12,                62,  1545516538   
 546105,  Nikolskoye,  RU,                  59.7,  30.79,                    75,  8.95,  15.8,                92,  1545514200   
 1636308,  Manokwari,  ID,                  -0.87,  134.08,                    44,  3.47,  80.45,                100,  1545516543   
 4035715,  Avarua,  CK,                  -21.21,  -159.78,                    75,  11.41,  84.2,                74,  1545512400   
 2206939,  Bluff,  NZ,                  -46.6,  168.33,                    0,  9.06,  54.13,                100,  1545516547   
 1605671,  Tha  Chang,  TH,                  14.76,  100.39,                    56,  4.14,  79.87,                70,  1545516549   
 4032243,  Vaini,  TO,                  -21.2,  -175.2,                    20,  10.29,  84.2,                79,  1545516000   
 2075265,  Busselton,  AU,                  -33.64,  115.35,                    0,  15.66,  64.25,                100,  1545516386   
 1006984,  East  London,  ZA,                  -33.02,  27.91,                    80,  20.8,  74.6,                99,  1545516557   
 2297810,  Mumford,  GH,                  5.26,  -0.76,                    0,  7.49,  79.46,                82,  1545516559   
 3831208,  Qaanaaq,  GL,                  77.48,  -69.36,                    0,  4.59,  -17.52,                74,  1545516425   
 364027,  Wagar,  SD,                  16.15,  36.2,                    0,  12.64,  72.22,                53,  1545516564   
 3369157,  Cape  Town,  ZA,                  -33.93,  18.42,                    75,  16.11,  69.8,                88,  1545512400   
 2126199,  Cherskiy,  RU,                  68.75,  161.3,                    68,  3.91,  -27.28,                43,  1545516568   
 6167817,  Torbay,  CA,                  47.66,  -52.73,                    90,  24.16,  33.8,                95,  1545512400   
 2186111,  Ngunguru,  NZ,                  -35.62,  174.5,                    92,  12.41,  68.53,                96,  1545516572   
 6355222,  Yulara,  AU,                  -25.24,  130.99,                    0,  12.75,  71.6,                19,  1545512400   
 2109528,  Buala,  SB,                  -8.15,  159.59,                    48,  7.16,  84.19,                87,  1545516578   
 1507390,  Dikson,  RU,                  73.51,  80.55,                    80,  34.78,  1.93,                99,  1545516580   
 5367788,  Lompoc,  US,                  34.64,  -120.46,                    1,  4.7,  68,                49,  1545514500   
 3439159,  Carlos  Antonio  Lopez,  PY,                  -26.4,  -54.77,                    56,  1.57,  80.95,                83,  1545516585   
 610611,  Aqtobe,  KZ,                  50.28,  57.21,                    0,  6.71,  -9.41,                83,  1545514200   
 3874787,  Punta  Arenas,  CL,                  -53.16,  -70.91,                    0,  33.33,  55.4,                47,  1545512400   
 1282256,  Hithadhoo,  MV,                  -0.6,  73.08,                    0,  8.72,  82.34,                100,  1545516593   
 4030556,  Rikitea,  PF,                  -23.12,  -134.97,                    12,  17.67,  78.34,                100,  1545516395   
 546105,  Nikolskoye,  RU,                  59.7,  30.79,                    75,  8.95,  15.8,                92,  1545514200   
 5848280,  Kapaa,  US,                  22.08,  -159.32,                    20,  9.17,  78.98,                69,  1545512160   
 2206939,  Bluff,  NZ,                  -46.6,  168.33,                    0,  9.06,  54.13,                100,  1545516547   
 3893629,  Coquimbo,  CL,                  -29.95,  -71.34,                    20,  11.41,  68,                60,  1545512400   
 3466980,  Caravelas,  BR,                  -17.73,  -39.27,                    0,  22.7,  80.59,                100,  1545516612   
 2122090,  Pevek,  RU,                  69.7,  170.27,                    32,  1.68,  -22.6,                100,  1545516431   
 6089179,  Normandin,  CA,                  48.84,  -72.53,                    90,  21.92,  21.2,                79,  1545512400   
 2075265,  Busselton,  AU,                  -33.64,  115.35,                    0,  15.66,  64.25,                100,  1545516386   
 546105,  Nikolskoye,  RU,                  59.7,  30.79,                    75,  8.95,  15.8,                92,  1545514200   
 2014833,  Tura,  RU,                  64.27,  100.22,                    20,  2.13,  -40.02,                83,  1545516622   
 5880568,  Bethel,  US,                  60.79,  -161.76,                    90,  14.99,  1.4,                84,  1545514440   
 935215,  Saint-Philippe,  RE,                  -21.36,  55.77,                    75,  12.75,  78.8,                83,  1545514200   
 4031574,  Provideniya,  RU,                  64.42,  -173.23,                    32,  6.93,  3.86,                100,  1545516629   
 2206939,  Bluff,  NZ,                  -46.6,  168.33,                    0,  9.06,  54.13,                100,  1545516547   
 2214827,  Mizdah,  LY,                  31.45,  12.98,                    20,  3.91,  41.3,                91,  1545516633   
 3899695,  Ancud,  CL,                  -41.87,  -73.83,                    90,  5.82,  57.2,                76,  1545512400   
 3397851,  Itupiranga,  BR,                  -5.13,  -49.33,                    75,  2.24,  78.8,                83,  1545512400   
 3447059,  Taiobeiras,  BR,                  -15.81,  -42.23,                    56,  0.34,  76.22,                81,  1545516641   
 6111862,  Port  Hardy,  CA,                  50.7,  -127.42,                    90,  31.09,  39.2,                86,  1545512400   
 2019912,  Mogocha,  RU,                  53.73,  119.76,                    0,  3.24,  -19.54,                77,  1545516646   
 6089245,  Norman  Wells,  CA,                  65.28,  -126.83,                    20,  8.05,  -11.21,                76,  1545512400   
 3466165,  Cidreira,  BR,                  -30.17,  -50.22,                    20,  7.16,  78.52,                79,  1545516536   
 3471451,  Arraial  do  Cabo,  BR,                  -22.97,  -42.02,                    20,  8.05,  84.2,                66,  1545512400   
 3448455,  Sao  Miguel  do  Araguaia,  BR,                  -13.28,  -50.16,                    32,  2.68,  89.77,                64,  1545516659   
 3833367,  Ushuaia,  AR,                  -54.81,  -68.31,                    40,  35.57,  50,                76,  1545512400   
 4031574,  Provideniya,  RU,                  64.42,  -173.23,                    32,  6.93,  3.86,                100,  1545516629   
 4030556,  Rikitea,  PF,                  -23.12,  -134.97,                    12,  17.67,  78.34,                100,  1545516395   
 5880568,  Bethel,  US,                  60.79,  -161.76,                    90,  14.99,  1.4,                84,  1545514440   
 3382160,  Cayenne,  GF,                  4.94,  -52.33,                    75,  4.7,  77,                88,  1545514200   
 2018735,  Nyurba,  RU,                  63.29,  118.35,                    0,  6.15,  -21.25,                61,  1545516350   
 5367788,  Lompoc,  US,                  34.64,  -120.46,                    1,  4.7,  68,                49,  1545514500   
 4032243,  Vaini,  TO,                  -21.2,  -175.2,                    20,  10.29,  84.2,                79,  1545516000   
 3460087,  Jardim,  BR,                  -21.48,  -56.15,                    12,  6.15,  83.24,                75,  1545516678   
 3369157,  Cape  Town,  ZA,                  -33.93,  18.42,                    75,  16.11,  69.8,                88,  1545512400   
 6165406,  Thompson,  CA,                  55.74,  -97.86,                    90,  10.29,  3.2,                71,  1545512400   
 1788534,  Xinyang,  CN,                  32.13,  114.07,                    32,  6.71,  35.05,                79,  1545516684   
 6089179,  Normandin,  CA,                  48.84,  -72.53,                    90,  21.92,  21.2,                79,  1545512400   
 2501152,  Constantine,  DZ,                  36.36,  6.61,                    0,  2.13,  42.8,                93,  1545514200   
 901766,  Namwala,  ZM,                  -15.75,  26.45,                    20,  8.61,  68.75,                94,  1545516693   
 1015776,  Bredasdorp,  ZA,                  -34.53,  20.04,                    0,  1.12,  71.6,                83,  1545512400   
 3421193,  Paamiut,  GL,                  61.99,  -49.67,                    92,  35.34,  33.7,                92,  1545516697   
 5861897,  Fairbanks,  US,                  64.84,  -147.72,                    40,  2.8,  -8.87,                74,  1545515760   
 2152659,  Port  Macquarie,  AU,                  -31.43,  152.91,                    44,  11.41,  66.2,                68,  1545512400   
 2110227,  Butaritari,  KI,                  3.07,  172.79,                    68,  4.7,  81.71,                100,  1545516515   
